id,name,company,genre
1,Ellie,Balch,Plataforma
2,Abigael,Despenser,Aventura
3,Kellsie,Aberdeen,Otro
4,Gillian,Adel,Laberinto
5,Dorothea,Downe,Plataforma
6,Lori,Frede,Aventura
7,Linnell,Avann,Laberinto
8,Amandy,Beardwell,Aventura
9,Malanie,Abriani,Plataforma
10,Estelle,Pritchard,Plataforma
11,Amelia,Rabjohns,Aventura
12,Agnese,Scamel,Plataforma
13,Flossie,Fridd,Aventura
14,Lorelei,Skrine,Aventura
15,Dasi,Tremmel,Aventura
16,Astrix,Gerrett,Aventura
17,Tiphanie,MattiCCI,Laberinto
18,Imojean,Scammonden,Otro
19,Robbie,Gawen,Aventura
20,Carolann,Stitch,Aventura
21,Karlen,Meni,Laberinto
22,Gleda,Fargie,Laberinto
23,Ros,Kilpin,Laberinto
24,Karmen,Ringer,Plataforma
25,Helaina,Zollner,Aventura
26,Hyacinth,Connealy,Laberinto
27,Florette,Congram,Aventura
28,Fleurette,Paumier,Plataforma
29,Georgetta,Bleddon,Aventura
30,Moll,Askham,Aventura
31,Dotti,Upchurch,Aventura
32,Anetta,Brasseur,Otro
33,Gladi,Docksey,Otro
34,Horatia,Jeanet,Otro
35,Henriette,Meenan,Plataforma
36,Stevana,Markus,Plataforma
37,Antonia,Llewhellin,Plataforma
38,Doti,Keaton,Otro
39,Angel,Baptiste,Laberinto
40,Micheline,Braithwait,Otro
41,Caresa,Hamm,Otro
42,Kristy,Tarpey,Laberinto
43,Avivah,Episcopi,Laberinto
44,Oralia,Ghirigori,Plataforma
45,Veronica,Biasioli,Laberinto
46,Thia,Luto,Aventura
47,Jordanna,Jugging,Aventura
48,Sharleen,Malbon,Aventura
49,Erminia,Meffen,Laberinto
50,Rayna,Tesyro,Aventura
51,Giana,Hannond,Aventura
52,Marga,Such,Aventura
53,Tani,Wadman,Plataforma
54,Vilhelmina,Ferrers,Otro
55,Alidia,Dugall,Aventura
56,Dori,Leete,Aventura
57,Gwenny,Langlais,Aventura
58,Latashia,Florentine,Plataforma
59,Nance,Porson,Otro
60,Hedi,Brason,Plataforma
61,Delly,Crummey,Plataforma
62,Farah,Bohman,Plataforma
63,Gianna,McEntagart,Aventura
64,Halette,Tott,Aventura
65,Misha,Eliassen,Otro
66,Aridatha,Graves,Plataforma
67,Amelie,Gino,Plataforma
68,Cornie,Dubery,Otro
69,Amelina,Elders,Aventura
70,Delila,Alphonso,Plataforma
71,Alidia,Trevethan,Laberinto
72,Alix,Balaizot,Otro
73,Grayce,Luis,Otro
74,Corissa,Stevani,Aventura
75,Lou,McCarty,Laberinto
76,Annadiane,Emeline,Aventura
77,Lissie,Shrieves,Plataforma
78,Iris,Triplow,Laberinto
79,Petunia,Alban,Plataforma
80,Wallis,Baudts,Laberinto
81,Ethelind,Alesin,Laberinto
82,Mair,Oddy,Plataforma
83,Hannie,Muncer,Plataforma
84,Aleda,Joslow,Otro
85,Jeanne,Wheadon,Laberinto
86,Melisandra,Castellini,Aventura
87,Sherri,Schanke,Laberinto
88,Windy,Margery,Aventura
89,Cass,Kernley,Aventura
90,Oriana,Cervantes,Laberinto
91,Nelle,Sainte Paul,Otro
92,Kaye,McClean,Aventura
93,Harli,Davis,Aventura
94,Jazmin,Grigorkin,Plataforma
95,Anneliese,Beauvais,Plataforma
96,Cynthie,Clyne,Aventura
97,Gabriell,Rope,Plataforma
98,Meara,Kenson,Otro
99,Analise,Jonk,Otro
100,Anna,Cochran,Laberinto
101,Carey,MacPeice,Laberinto
102,Karalynn,Santino,Aventura
103,Imojean,Flowitt,Otro
104,Hedvig,Sansome,Laberinto
105,Arabela,Buske,Laberinto
106,Ashlie,Gauvin,Laberinto
107,Colline,Pinchon,Otro
108,Koral,Skyrm,Laberinto
109,Ulrike,Yushmanov,Otro
110,Gisela,Mainland,Aventura
111,Hetty,Purchon,Laberinto
112,Joelie,Worner,Otro
113,Tandy,Ortes,Laberinto
114,Lesley,Dudbridge,Laberinto
115,Caralie,Dudbridge,Plataforma
116,Gilemette,Reichardt,Otro
117,Anni,Fanti,Laberinto
118,Estrellita,Provost,Plataforma
119,Costanza,Jiran,Aventura
120,Yvonne,Tipling,Plataforma
121,Brande,Enderby,Plataforma
122,Olia,Mulgrew,Plataforma
123,Nat,Alabone,Aventura
124,Celie,Gloves,Plataforma
125,Ettie,Teenan,Plataforma
126,Starla,Twidle,Laberinto
127,Kellie,Sinkins,Laberinto
128,Merrielle,Booth,Otro
129,Jobie,Spears,Plataforma
130,Dorette,Brodnecke,Laberinto
131,Barbra,Bertomieu,Aventura
132,Yvonne,Lingley,Laberinto
133,Caryl,Conre,Otro
134,Rochella,Driussi,Plataforma
135,Loralyn,Snadden,Laberinto
136,Ailey,Pedrocchi,Laberinto
137,Rosalie,Sheaber,Plataforma
138,Hollie,Beake,Otro
139,Kettie,Kingman,Aventura
140,Gavra,McCafferky,Aventura
141,Dale,Ditch,Laberinto
142,Blithe,Kitchenham,Aventura
143,Eustacia,Jovey,Laberinto
144,Melesa,Yea,Laberinto
145,Cristal,Hebborn,Aventura
146,Fern,Van De Cappelle,Aventura
147,Merline,Presdee,Plataforma
148,Karrie,Fransemai,Aventura
149,Mirelle,MChirrie,Plataforma
150,Abbe,Pettigree,Aventura
151,Barbette,Rowlinson,Laberinto
152,Cyndia,Draisey,Aventura
153,Rosy,Chettoe,Aventura
154,Alverta,Nyssens,Laberinto
155,Karisa,Rumble,Laberinto
156,Margaux,McElmurray,Otro
157,Heather,Shippey,Plataforma
158,Andy,Highman,Plataforma
159,Nevsa,Rising,Aventura
160,Marcellina,Waud,Otro
161,Ellissa,Van Daalen,Aventura
162,Yvette,Jery,Aventura
163,Brunhilda,Willoway,Plataforma
164,Odelle,Strode,Plataforma
165,Philipa,Bendley,Plataforma
166,Cecily,Clemetts,Laberinto
167,Larina,Sedge,Aventura
168,Marj,Dunsmuir,Otro
169,Joelly,Huxster,Laberinto
170,Norma,Krugmann,Otro
171,Lea,Iskow,Plataforma
172,Bernete,Brampton,Plataforma
173,Lia,Sneaker,Aventura
174,Thia,Dunklee,Plataforma
175,Amelie,Cockshutt,Laberinto
176,Linet,Godden,Otro
177,Dulci,Carthy,Laberinto
178,Aurlie,Chittim,Otro
179,Loleta,Probart,Otro
180,Fayette,Margrem,Otro
181,Emiline,Petrelli,Aventura
182,Marillin,VanderBrugge,Plataforma
183,Jaime,Bugg,Plataforma
184,Alameda,Leithgoe,Plataforma
185,Sonni,Echlin,Otro
186,Miguela,Thexton,Laberinto
187,Giulia,Weedon,Laberinto
188,Hedwig,Woodard,Aventura
189,Nanine,Setterington,Otro
190,Evy,Wain,Laberinto
191,Marthe,Trewhella,Plataforma
192,Joletta,Adams,Laberinto
193,Lena,Shearmer,Plataforma
194,Florry,Scudders,Plataforma
195,Cary,Leinster,Plataforma
196,Bel,Cuchey,Aventura
197,Melosa,Mogg,Laberinto
198,Isa,Cureton,Plataforma
199,Amelita,Walkden,Aventura
200,Wren,Beckhouse,Laberinto
201,Giulia,Urian,Laberinto
202,Danni,Inglese,Otro
203,Sadie,Doucette,Laberinto
204,Viviana,Rothschild,Aventura
205,Ethyl,Waight,Plataforma
206,Ariella,Collard,Plataforma
207,Helge,Carlone,Plataforma
208,Concettina,Magnar,Aventura
209,Jacquenette,Abilowitz,Laberinto
210,Ottilie,Greg,Aventura
211,Blithe,Pitson,Plataforma
212,Olympe,Ludlom,Laberinto
213,Fan,Esche,Aventura
214,Carmita,Benadette,Plataforma
215,Karin,Palister,Aventura
216,Adeline,Goldbourn,Plataforma
217,Genevra,Bispo,Otro
218,Estella,Torrijos,Laberinto
219,Teirtza,Tremblay,Plataforma
220,Maggee,Jarrold,Plataforma
221,Nora,Pyner,Aventura
222,Rhonda,Bottelstone,Laberinto
223,Katina,Ambroix,Aventura
224,Alecia,Haulkham,Plataforma
225,Concordia,Alflatt,Plataforma
226,Audry,Nilges,Aventura
227,Valeria,Cutford,Aventura
228,Oneida,Gerriet,Otro
229,Marthena,Wilshaw,Otro
230,Odelia,Redmire,Otro
231,Benedikta,Danne,Aventura
232,Blisse,Packwood,Aventura
233,Michaelina,Beadle,Plataforma
234,Trenna,Rissen,Aventura
235,Pippy,Skillington,Laberinto
236,Kristin,Potes,Otro
237,Chrystel,Armitt,Aventura
238,Katusha,Kobu,Otro
239,Livia,Hoy,Aventura
240,Emmy,Trayling,Plataforma
241,Darci,Stelljes,Plataforma
242,Genia,Hof,Otro
243,Merrill,Provest,Otro
244,Nertie,Clinton,Plataforma
245,Fredelia,Esche,Plataforma
246,Doralynne,Haxell,Laberinto
247,Mia,Pennicott,Aventura
248,Sally,Coneybeer,Plataforma
249,Bliss,Sayer,Otro
250,Althea,Chatband,Otro
